vine_id,from,to,length,to_shoot_id,spurs,cane_id,x,y,quadrant,diameter,to_origin_id,orientation,base_origin_id,notes
7,1,2,80,NA,.,NA,NA,NA,NA,NA,NA,E,1,NA
7,2,3,90,NA,NA,NA,NA,NA,NA,NA,NA,E,1,NA
7,3,4,70,NA,.,NA,NA,NA,NA,NA,NA,E,1,NA
7,4,5,60,1,NA,NA,NA,NA,NA,NA,NA,E,1,NA
7,4,6,40,NA,NA,NA,NA,NA,NA,NA,NA,E,1,NA
7,6,7,40,NA,NA,NA,NA,NA,NA,NA,NA,E,1,NA
7,7,8,70,2,NA,NA,NA,NA,NA,NA,NA,E,1,NA
7,2,9,110,NA,.,NA,NA,NA,NA,NA,NA,E,1,NA
7,9,10,30,NA,NA,NA,NA,NA,NA,NA,NA,E,1,NA
7,10,11,10,3,NA,NA,NA,NA,NA,NA,NA,E,1,NA
7,11,12,60,4,NA,NA,NA,NA,NA,NA,NA,E,1,NA
7,9,13,90,NA,NA,NA,NA,NA,NA,NA,NA,E,1,NA
7,13,14,50,NA,.,NA,NA,NA,NA,NA,NA,E,1,NA
7,14,15,40,NA,NA,NA,NA,NA,NA,NA,NA,E,1,NA
7,15,16,40,NA,NA,NA,NA,NA,NA,NA,NA,E,1,NA
7,16,17,50,5,NA,NA,NA,NA,NA,NA,NA,E,1,NA
7,14,18,10,NA,NA,NA,NA,NA,NA,NA,NA,E,1,NA
7,18,19,330,NA,.,16,NA,NA,NA,NA,NA,E,1,NA
7,19,20,90,NA,NA,16,NA,NA,NA,NA,NA,E,1,NA
7,20,21,60,6,NA,16,NA,NA,NA,NA,NA,E,1,NA
7,19,22,190,NA,.,16,NA,NA,NA,NA,NA,E,1,NA
7,22,23,60,NA,NA,16,NA,NA,NA,NA,NA,E,1,NA
7,23,24,90,7,NA,16,NA,NA,NA,NA,NA,E,1,NA
7,24,25,40,8,NA,16,NA,NA,NA,NA,NA,E,1,NA
7,22,26,60,NA,.,16,NA,NA,NA,NA,NA,E,1,NA
7,26,27,140,NA,NA,16,NA,NA,NA,NA,NA,E,1,NA
7,27,28,100,9,NA,16,NA,NA,NA,NA,NA,E,1,NA
7,26,29,210,NA,.,16,NA,NA,NA,NA,NA,E,1,NA
7,29,30,40,NA,NA,16,NA,NA,NA,NA,NA,E,1,NA
7,30,31,80,10,NA,16,NA,NA,NA,NA,NA,E,1,NA
7,29,32,160,NA,.,16,NA,NA,NA,NA,NA,E,1,NA
7,32,33,60,NA,NA,16,NA,NA,NA,NA,NA,E,1,NA
7,33,34,50,11,NA,16,NA,NA,NA,NA,NA,E,1,NA
7,32,35,60,NA,.,16,NA,NA,NA,NA,NA,E,1,NA
7,35,36,50,NA,NA,16,NA,NA,NA,NA,NA,E,1,NA
7,36,37,60,12,NA,16,NA,NA,NA,NA,NA,E,1,NA
7,35,38,190,NA,.,16,NA,NA,NA,NA,NA,E,1,NA
7,38,39,70,NA,NA,16,NA,NA,NA,NA,NA,E,1,NA
7,39,40,130,13,NA,16,NA,NA,NA,NA,NA,E,1,NA
7,38,41,150,NA,.,16,NA,NA,NA,NA,NA,E,1,NA
7,41,42,20,NA,NA,16,NA,NA,NA,NA,NA,E,1,NA
7,42,43,30,14,NA,16,NA,NA,NA,NA,NA,E,1,NA
7,43,44,30,15,NA,16,NA,NA,NA,NA,NA,E,1,NA
7,41,45,160,NA,.,16,NA,NA,NA,NA,NA,E,1,NA
7,45,46,140,NA,NA,16,NA,NA,NA,NA,NA,E,1,NA
7,46,47,100,16,NA,16,NA,NA,NA,NA,NA,E,1,NA
7,45,48,70,NA,.,16,NA,NA,NA,NA,NA,E,1,NA
7,48,49,70,NA,NA,16,NA,NA,NA,NA,NA,E,1,NA
7,49,50,40,17,NA,16,NA,NA,NA,NA,NA,E,1,NA
7,50,51,90,18,NA,16,NA,NA,NA,NA,NA,E,1,NA
7,48,52,70,NA,.,16,NA,NA,NA,NA,NA,E,1,NA
7,52,53,90,NA,NA,16,NA,NA,NA,NA,NA,E,1,NA
7,53,54,70,19,NA,16,NA,NA,NA,NA,NA,E,1,NA
7,52,55,240,NA,.,16,NA,NA,NA,NA,NA,E,1,NA
7,55,56,40,NA,NA,16,NA,NA,NA,NA,NA,E,1,NA
7,56,57,50,20,NA,16,NA,NA,NA,NA,NA,E,1,NA
7,55,58,180,NA,.,16,NA,NA,NA,NA,NA,E,1,NA
7,58,59,140,NA,NA,16,NA,NA,NA,NA,NA,E,1,NA
7,59,60,40,21,NA,16,NA,NA,NA,NA,NA,E,1,NA
7,60,61,20,22,NA,16,NA,NA,NA,NA,NA,E,1,NA
7,58,62,120,NA,.,16,NA,NA,NA,NA,NA,E,1,NA
7,62,63,30,NA,NA,16,NA,NA,NA,NA,NA,E,1,NA
7,63,64,40,23,NA,16,NA,NA,NA,NA,NA,E,1,NA
7,64,65,50,24,NA,16,NA,NA,NA,NA,NA,E,1,NA
7,62,66,200,NA,.,16,NA,NA,NA,NA,NA,E,1,NA
7,66,67,40,NA,NA,16,NA,NA,NA,NA,NA,E,1,NA
7,67,68,30,25,NA,16,NA,NA,NA,NA,NA,E,1,NA
7,68,69,20,26,NA,16,NA,NA,NA,NA,NA,E,1,NA
7,69,70,60,27,NA,16,NA,NA,NA,NA,NA,E,1,NA
7,71,1,90,NA,NA,NA,NA,NA,NA,NA,1,NA,1,NA
7,71,72,30,NA,NA,NA,NA,NA,NA,NA,NA,E,2,NA
7,72,73,40,NA,.,NA,NA,NA,NA,NA,NA,E,2,NA
7,73,74,30,NA,NA,NA,NA,NA,NA,NA,NA,E,2,NA
7,74,75,60,28,NA,NA,NA,NA,NA,NA,NA,E,2,NA
7,73,76,10,NA,NA,NA,NA,NA,NA,NA,NA,E,2,NA
7,76,77,60,NA,NA,NA,NA,NA,NA,NA,NA,E,2,NA
7,77,78,70,29,NA,NA,NA,NA,NA,NA,NA,E,2,NA
7,79,71,80,NA,NA,NA,NA,NA,NA,NA,2,NA,2,NA
7,79,80,140,NA,NA,NA,NA,NA,NA,NA,NA,W,3,NA
7,80,81,80,NA,.,1,NA,NA,NA,NA,NA,W,3,NA
7,81,82,40,NA,NA,1,NA,NA,NA,NA,NA,W,3,NA
7,82,83,80,30,NA,1,NA,NA,NA,NA,NA,W,3,NA
7,81,84,210,NA,.,1,NA,NA,NA,NA,NA,W,3,NA
7,84,85,80,NA,NA,1,NA,NA,NA,NA,NA,W,3,NA
7,85,86,110,31,NA,1,NA,NA,NA,NA,NA,W,3,NA
7,84,87,150,NA,.,1,NA,NA,NA,NA,NA,W,3,NA
7,87,88,50,NA,NA,1,NA,NA,NA,NA,NA,W,3,NA
7,88,89,70,32,NA,1,NA,NA,NA,NA,NA,W,3,NA
7,89,90,10,33,NA,1,NA,NA,NA,NA,NA,W,3,NA
7,87,91,60,NA,.,1,NA,NA,NA,NA,NA,W,3,NA
7,91,92,60,NA,NA,1,NA,NA,NA,NA,NA,W,3,NA
7,92,93,120,34,NA,1,NA,NA,NA,NA,NA,W,3,NA
7,91,94,330,NA,.,1,NA,NA,NA,NA,NA,W,3,NA
7,94,95,60,NA,NA,1,NA,NA,NA,NA,NA,W,3,NA
7,95,96,80,35,NA,1,NA,NA,NA,NA,NA,W,3,NA
7,94,97,130,NA,.,1,NA,NA,NA,NA,NA,W,3,NA
7,97,98,30,NA,NA,1,NA,NA,NA,NA,NA,W,3,NA
7,98,99,100,37,NA,1,NA,NA,NA,NA,NA,W,3,NA
7,99,100,60,38,NA,1,NA,NA,NA,NA,NA,W,3,NA
7,97,101,50,NA,.,1,NA,NA,NA,NA,NA,W,3,NA
7,101,102,30,NA,NA,1,NA,NA,NA,NA,NA,W,3,NA
7,102,103,80,36,NA,1,NA,NA,NA,NA,NA,W,3,NA
7,101,104,100,NA,.,1,NA,NA,NA,NA,NA,W,3,NA
7,104,105,30,NA,NA,1,NA,NA,NA,NA,NA,W,3,NA
7,105,106,80,39,NA,1,NA,NA,NA,NA,NA,W,3,NA
7,104,107,150,NA,.,1,NA,NA,NA,NA,NA,W,3,NA
7,107,108,80,NA,NA,1,NA,NA,NA,NA,NA,W,3,NA
7,108,109,60,40,NA,1,NA,NA,NA,NA,NA,W,3,NA
7,107,110,60,NA,.,1,NA,NA,NA,NA,NA,W,3,NA
7,110,111,120,NA,NA,1,NA,NA,NA,NA,NA,W,3,NA
7,111,112,90,41,NA,1,NA,NA,NA,NA,NA,W,3,NA
7,110,113,230,NA,.,1,NA,NA,NA,NA,NA,W,3,NA
7,113,114,40,NA,NA,1,NA,NA,NA,NA,NA,W,3,NA
7,114,115,80,42,NA,1,NA,NA,NA,NA,NA,W,3,NA
7,113,116,180,NA,.,1,NA,NA,NA,NA,NA,W,3,NA
7,116,117,60,NA,NA,1,NA,NA,NA,NA,NA,W,3,NA
7,117,118,80,43,NA,1,NA,NA,NA,NA,NA,W,3,NA
7,118,119,60,44,NA,1,NA,NA,NA,NA,NA,W,3,NA
7,116,120,80,NA,.,1,NA,NA,NA,NA,NA,W,3,NA
7,120,121,90,NA,NA,1,NA,NA,NA,NA,NA,W,3,NA
7,121,122,60,45,NA,1,NA,NA,NA,NA,NA,W,3,NA
7,120,123,130,NA,.,1,NA,NA,NA,NA,NA,W,3,NA
7,123,124,60,NA,NA,1,NA,NA,NA,NA,NA,W,3,NA
7,124,125,80,46,NA,1,NA,NA,NA,NA,NA,W,3,NA
7,123,126,90,NA,.,1,NA,NA,NA,NA,NA,W,3,NA
7,126,127,80,NA,NA,1,NA,NA,NA,NA,NA,W,3,NA
7,127,128,80,47,NA,1,NA,NA,NA,NA,NA,W,3,NA
7,129,79,80,NA,NA,NA,NA,NA,NA,NA,3,NA,3,NA
7,129,130,60,NA,NA,NA,NA,NA,NA,NA,NA,W,4,NA
7,130,131,120,NA,NA,NA,NA,NA,NA,NA,NA,W,4,NA
7,131,132,50,48,NA,NA,NA,NA,NA,NA,NA,W,4,NA
7,132,133,40,49,NA,NA,NA,NA,NA,NA,NA,W,4,NA
7,134,129,100,NA,NA,NA,NA,NA,NA,NA,4,NA,4,NA
7,134,135,110,NA,NA,NA,NA,NA,NA,NA,NA,W,5,NA
7,135,136,70,50,NA,2,NA,NA,NA,NA,NA,W,5,NA
7,136,137,190,NA,.,2,NA,NA,NA,NA,NA,W,5,NA
7,137,138,40,NA,NA,2,NA,NA,NA,NA,NA,W,5,NA
7,138,139,80,51,NA,2,NA,NA,NA,NA,NA,W,5,NA
7,137,140,180,NA,.,2,NA,NA,NA,NA,NA,W,5,NA
7,140,141,80,NA,NA,2,NA,NA,NA,NA,NA,W,5,NA
7,141,142,130,52,NA,2,NA,NA,NA,NA,NA,W,5,NA
7,140,143,170,NA,.,2,NA,NA,NA,NA,NA,W,5,NA
7,143,144,20,NA,NA,2,NA,NA,NA,NA,NA,W,5,NA
7,144,145,60,53,NA,2,NA,NA,NA,NA,NA,W,5,NA
7,143,146,120,NA,.,2,NA,NA,NA,NA,NA,W,5,NA
7,146,147,30,NA,NA,2,NA,NA,NA,NA,NA,W,5,NA
7,147,148,80,54,NA,2,NA,NA,NA,NA,NA,W,5,NA
7,146,149,40,NA,.,2,NA,NA,NA,NA,NA,W,5,NA
7,149,150,20,NA,NA,2,NA,NA,NA,NA,NA,W,5,NA
7,150,151,70,55,NA,2,NA,NA,NA,NA,NA,W,5,NA
7,149,152,140,NA,.,2,NA,NA,NA,NA,NA,W,5,NA
7,152,153,40,NA,NA,2,NA,NA,NA,NA,NA,W,5,NA
7,153,154,60,56,NA,2,NA,NA,NA,NA,NA,W,5,NA
7,152,155,110,NA,.,2,NA,NA,NA,NA,NA,W,5,NA
7,155,156,40,NA,NA,2,NA,NA,NA,NA,NA,W,5,NA
7,156,157,60,57,NA,2,NA,NA,NA,NA,NA,W,5,NA
7,155,158,90,NA,.,2,NA,NA,NA,NA,NA,W,5,NA
7,158,159,40,NA,NA,2,NA,NA,NA,NA,NA,W,5,NA
7,159,160,80,58,NA,2,NA,NA,NA,NA,NA,W,5,NA
7,158,161,100,NA,.,2,NA,NA,NA,NA,NA,W,5,NA
7,161,162,30,NA,NA,2,NA,NA,NA,NA,NA,W,5,NA
7,162,163,60,59,NA,2,NA,NA,NA,NA,NA,W,5,NA
7,161,164,50,NA,.,2,NA,NA,NA,NA,NA,W,5,NA
7,164,165,20,NA,NA,2,NA,NA,NA,NA,NA,W,5,NA
7,165,166,70,60,NA,2,NA,NA,NA,NA,NA,W,5,NA
7,166,167,40,61,NA,2,NA,NA,NA,NA,NA,W,5,NA
7,164,168,430,NA,.,2,NA,NA,NA,NA,NA,W,5,NA
7,168,169,20,NA,NA,2,NA,NA,NA,NA,NA,W,5,NA
7,169,170,40,62,NA,2,NA,NA,NA,NA,NA,W,5,NA
7,168,171,60,NA,.,2,NA,NA,NA,NA,NA,W,5,NA
7,171,172,40,NA,NA,2,NA,NA,NA,NA,NA,W,5,NA
7,172,173,60,63,NA,2,NA,NA,NA,NA,NA,W,5,NA
7,173,174,30,64,NA,2,NA,NA,NA,NA,NA,W,5,NA
7,171,175,70,NA,.,2,NA,NA,NA,NA,NA,W,5,NA
7,175,176,30,NA,NA,2,NA,NA,NA,NA,NA,W,5,NA
7,176,177,50,65,NA,2,NA,NA,NA,NA,NA,W,5,NA
7,177,178,30,66,NA,2,NA,NA,NA,NA,NA,W,5,NA
7,175,179,390,NA,.,2,NA,NA,NA,NA,NA,W,5,NA
7,179,180,30,67,NA,2,NA,NA,NA,NA,NA,W,5,NA
7,180,181,20,68,NA,2,NA,NA,NA,NA,NA,W,5,NA
7,182,134,150,NA,NA,NA,NA,NA,NA,NA,5,NA,5,NA
7,182,183,50,NA,.,NA,NA,NA,NA,NA,NA,W,6,NA
7,183,184,110,NA,NA,NA,NA,NA,NA,NA,NA,W,6,NA
7,184,185,20,NA,NA,NA,NA,NA,NA,NA,NA,W,6,NA
7,185,186,80,69,NA,NA,NA,NA,NA,NA,NA,W,6,NA
7,183,187,30,NA,NA,NA,NA,NA,NA,NA,NA,E,6,NA
7,187,188,90,NA,.,15,NA,NA,NA,NA,NA,E,6,NA
7,188,189,20,NA,NA,15,NA,NA,NA,NA,NA,E,6,NA
7,189,190,80,70,NA,15,NA,NA,NA,NA,NA,E,6,NA
7,188,191,190,NA,.,15,NA,NA,NA,NA,NA,E,6,NA
7,191,192,100,NA,NA,15,NA,NA,NA,NA,NA,E,6,NA
7,192,193,90,71,NA,15,NA,NA,NA,NA,NA,E,6,NA
7,191,194,160,NA,.,15,NA,NA,NA,NA,NA,E,6,NA
7,194,195,90,NA,NA,15,NA,NA,NA,NA,NA,E,6,NA
7,195,196,110,72,NA,15,NA,NA,NA,NA,NA,E,6,NA
7,194,197,60,NA,.,15,NA,NA,NA,NA,NA,E,6,NA
7,197,198,50,NA,NA,15,NA,NA,NA,NA,NA,E,6,NA
7,198,199,80,73,NA,15,NA,NA,NA,NA,NA,E,6,NA
7,197,200,300,NA,.,15,NA,NA,NA,NA,NA,E,6,NA
7,200,201,90,NA,NA,15,NA,NA,NA,NA,NA,E,6,NA
7,201,202,110,74,NA,15,NA,NA,NA,NA,NA,E,6,NA
7,200,203,140,NA,.,15,NA,NA,NA,NA,NA,E,6,NA
7,203,204,90,NA,NA,15,NA,NA,NA,NA,NA,E,6,NA
7,204,205,100,75,NA,15,NA,NA,NA,NA,NA,E,6,NA
7,203,206,70,NA,.,15,NA,NA,NA,NA,NA,E,6,NA
7,206,207,30,NA,NA,15,NA,NA,NA,NA,NA,E,6,NA
7,207,208,80,76,NA,15,NA,NA,NA,NA,NA,E,6,NA
7,208,209,20,77,NA,15,NA,NA,NA,NA,NA,E,6,NA
7,206,210,70,NA,.,15,NA,NA,NA,NA,NA,E,6,NA
7,210,211,40,NA,NA,15,NA,NA,NA,NA,NA,E,6,NA
7,211,212,70,372,NA,15,NA,NA,NA,NA,NA,E,6,out of sequence
7,210,213,100,NA,.,15,NA,NA,NA,NA,NA,E,6,NA
7,213,214,90,NA,NA,15,NA,NA,NA,NA,NA,E,6,NA
7,214,215,60,78,NA,15,NA,NA,NA,NA,NA,E,6,NA
7,213,216,130,NA,.,15,NA,NA,NA,NA,NA,E,6,NA
7,216,217,100,NA,NA,15,NA,NA,NA,NA,NA,E,6,NA
7,217,218,90,79,NA,15,NA,NA,NA,NA,NA,E,6,NA
7,216,219,100,NA,.,15,NA,NA,NA,NA,NA,E,6,NA
7,219,220,70,NA,NA,15,NA,NA,NA,NA,NA,E,6,NA
7,220,221,80,80,NA,15,NA,NA,NA,NA,NA,E,6,NA
7,219,222,130,NA,.,15,NA,NA,NA,NA,NA,E,6,NA
7,222,223,110,NA,NA,15,NA,NA,NA,NA,NA,E,6,NA
7,223,224,90,81,NA,15,NA,NA,NA,NA,NA,E,6,NA
7,222,225,210,NA,.,15,NA,NA,NA,NA,NA,E,6,NA
7,225,226,60,NA,NA,15,NA,NA,NA,NA,NA,E,6,NA
7,226,227,60,82,NA,15,NA,NA,NA,NA,NA,E,6,NA
7,225,228,50,NA,.,15,NA,NA,NA,NA,NA,E,6,NA
7,228,229,40,NA,NA,15,NA,NA,NA,NA,NA,E,6,NA
7,229,230,70,83,NA,15,NA,NA,NA,NA,NA,E,6,NA
7,228,231,210,NA,.,15,NA,NA,NA,NA,NA,E,6,NA
7,231,232,80,NA,NA,15,NA,NA,NA,NA,NA,E,6,NA
7,232,233,80,84,NA,15,NA,NA,NA,NA,NA,E,6,NA
7,231,234,60,NA,.,15,NA,NA,NA,NA,NA,E,6,NA
7,234,235,70,NA,NA,15,NA,NA,NA,NA,NA,E,6,NA
7,235,236,80,85,NA,15,NA,NA,NA,NA,NA,E,6,NA
7,234,237,60,NA,.,15,NA,NA,NA,NA,NA,E,6,NA
7,237,238,60,NA,NA,15,NA,NA,NA,NA,NA,E,6,NA
7,238,239,100,86,NA,15,NA,NA,NA,NA,NA,E,6,NA
7,237,240,170,NA,.,15,NA,NA,NA,NA,NA,E,6,NA
7,240,241,110,NA,NA,15,NA,NA,NA,NA,NA,E,6,NA
7,241,242,90,87,NA,15,NA,NA,NA,NA,NA,E,6,NA
7,243,182,80,NA,NA,NA,NA,NA,NA,NA,6,NA,6,NA
7,243,244,50,NA,NA,NA,NA,NA,NA,NA,NA,W,7,NA
7,244,245,60,NA,NA,NA,NA,NA,NA,NA,NA,W,7,NA
7,245,246,70,88,NA,NA,NA,NA,NA,NA,NA,W,7,NA
7,246,247,30,89,NA,NA,NA,NA,NA,NA,NA,W,7,NA
7,248,243,170,NA,NA,NA,NA,NA,NA,NA,7,NA,7,NA
7,248,249,230,NA,.,NA,NA,NA,NA,NA,NA,W,8,NA
7,249,250,40,NA,NA,NA,NA,NA,NA,NA,NA,W,8,NA
7,250,251,50,NA,NA,NA,NA,NA,NA,NA,NA,W,8,NA
7,251,252,70,90,NA,NA,NA,NA,NA,NA,NA,W,8,NA
7,252,253,30,91,NA,NA,NA,NA,NA,NA,NA,W,8,NA
7,249,254,50,NA,.,NA,NA,NA,NA,NA,NA,W,8,NA
7,254,255,50,NA,NA,NA,NA,NA,NA,NA,NA,W,8,NA
7,255,256,40,NA,NA,NA,NA,NA,NA,NA,NA,W,8,NA
7,256,257,80,92,NA,NA,NA,NA,NA,NA,NA,W,8,NA
7,254,258,190,NA,NA,NA,NA,NA,NA,NA,NA,W,8,NA
7,258,259,40,NA,.,3,NA,NA,NA,NA,NA,W,8,NA
7,259,260,130,93,NA,3,NA,NA,NA,NA,NA,W,8,NA
7,259,261,90,NA,.,3,NA,NA,NA,NA,NA,W,8,NA
7,261,262,70,NA,NA,3,NA,NA,NA,NA,NA,W,8,NA
7,262,263,100,94,NA,3,NA,NA,NA,NA,NA,W,8,NA
7,261,264,180,NA,.,3,NA,NA,NA,NA,NA,W,8,NA
7,264,265,80,NA,NA,3,NA,NA,NA,NA,NA,W,8,NA
7,265,266,120,95,NA,3,NA,NA,NA,NA,NA,W,8,NA
7,264,267,120,NA,.,3,NA,NA,NA,NA,NA,W,8,NA
7,267,268,80,NA,NA,3,NA,NA,NA,NA,NA,W,8,NA
7,268,269,80,96,NA,3,NA,NA,NA,NA,NA,W,8,NA
7,267,270,80,NA,.,3,NA,NA,NA,NA,NA,W,8,NA
7,270,271,70,NA,NA,3,NA,NA,NA,NA,NA,W,8,NA
7,271,272,100,373,NA,3,NA,NA,NA,NA,NA,W,8,out of sequence
7,270,273,110,NA,.,3,NA,NA,NA,NA,NA,W,8,NA
7,273,274,80,NA,NA,3,NA,NA,NA,NA,NA,W,8,NA
7,274,275,80,97,NA,3,NA,NA,NA,NA,NA,W,8,NA
7,273,276,70,NA,.,3,NA,NA,NA,NA,NA,W,8,NA
7,276,277,70,NA,NA,3,NA,NA,NA,NA,NA,W,8,NA
7,277,278,60,98,NA,3,NA,NA,NA,NA,NA,W,8,NA
7,276,279,120,NA,.,3,NA,NA,NA,NA,NA,W,8,NA
7,279,280,50,NA,NA,3,NA,NA,NA,NA,NA,W,8,NA
7,280,281,80,99,NA,3,NA,NA,NA,NA,NA,W,8,NA
7,279,282,110,NA,.,3,NA,NA,NA,NA,NA,W,8,NA
7,282,283,60,NA,NA,3,NA,NA,NA,NA,NA,W,8,NA
7,283,284,60,100,NA,3,NA,NA,NA,NA,NA,W,8,NA
7,282,285,90,NA,.,3,NA,NA,NA,NA,NA,W,8,NA
7,285,286,50,NA,NA,3,NA,NA,NA,NA,NA,W,8,NA
7,286,287,60,101,NA,3,NA,NA,NA,NA,NA,W,8,NA
7,285,288,290,NA,.,3,NA,NA,NA,NA,NA,W,8,NA
7,288,289,50,NA,NA,3,NA,NA,NA,NA,NA,W,8,NA
7,289,290,70,102,NA,3,NA,NA,NA,NA,NA,W,8,NA
7,288,291,60,NA,.,3,NA,NA,NA,NA,NA,W,8,NA
7,291,292,10,NA,NA,3,NA,NA,NA,NA,NA,W,8,NA
7,292,293,40,103,NA,3,NA,NA,NA,NA,NA,W,8,NA
7,293,294,30,104,NA,3,NA,NA,NA,NA,NA,W,8,NA
7,291,295,70,NA,.,3,NA,NA,NA,NA,NA,W,8,NA
7,295,296,40,NA,NA,3,NA,NA,NA,NA,NA,W,8,NA
7,296,297,70,105,NA,3,NA,NA,NA,NA,NA,W,8,NA
7,295,298,100,NA,.,3,NA,NA,NA,NA,NA,W,8,NA
7,298,299,20,NA,NA,3,NA,NA,NA,NA,NA,W,8,NA
7,299,300,90,106,NA,3,NA,NA,NA,NA,NA,W,8,NA
7,298,301,60,NA,.,3,NA,NA,NA,NA,NA,W,8,NA
7,301,302,40,NA,NA,3,NA,NA,NA,NA,NA,W,8,NA
7,302,303,100,107,NA,3,NA,NA,NA,NA,NA,W,8,NA
7,301,304,170,NA,.,3,NA,NA,NA,NA,NA,W,8,NA
7,304,305,50,NA,NA,3,NA,NA,NA,NA,NA,W,8,NA
7,305,306,90,108,NA,3,NA,NA,NA,NA,NA,W,8,NA
7,304,307,80,NA,.,3,NA,NA,NA,NA,NA,W,8,NA
7,307,308,30,NA,NA,3,NA,NA,NA,NA,NA,W,8,NA
7,308,309,90,109,NA,3,NA,NA,NA,NA,NA,W,8,NA
7,307,310,80,NA,.,3,NA,NA,NA,NA,NA,W,8,NA
7,310,311,60,NA,NA,3,NA,NA,NA,NA,NA,W,8,NA
7,311,312,50,110,NA,3,NA,NA,NA,NA,NA,W,8,NA
7,310,313,70,NA,.,3,NA,NA,NA,NA,NA,W,8,NA
7,313,314,80,NA,NA,3,NA,NA,NA,NA,NA,W,8,NA
7,314,315,60,111,NA,3,NA,NA,NA,NA,NA,W,8,NA
7,313,316,140,NA,.,3,NA,NA,NA,NA,NA,W,8,NA
7,316,317,140,NA,NA,3,NA,NA,NA,NA,NA,W,8,NA
7,317,318,50,112,NA,3,NA,NA,NA,NA,NA,W,8,NA
7,319,248,180,NA,NA,NA,NA,NA,NA,NA,8,NA,8,NA
7,319,320,90,NA,NA,NA,NA,NA,NA,NA,NA,W,9,NA
7,320,321,140,NA,NA,NA,NA,NA,NA,NA,NA,W,9,NA
7,321,322,70,NA,NA,NA,NA,NA,NA,NA,NA,W,9,NA
7,322,323,120,113,NA,NA,NA,NA,NA,NA,NA,W,9,NA
7,324,319,130,NA,NA,NA,NA,NA,NA,NA,9,NA,9,NA
7,324,325,50,NA,NA,NA,NA,NA,NA,NA,NA,E,10,NA
7,325,326,70,NA,NA,NA,NA,NA,NA,NA,NA,E,10,NA
7,326,327,110,114,NA,NA,NA,NA,NA,NA,NA,E,10,NA
7,328,324,70,NA,NA,NA,NA,NA,NA,NA,10,NA,10,NA
7,328,329,70,NA,.,NA,NA,NA,NA,NA,NA,W,11,NA
7,329,330,190,NA,NA,NA,NA,NA,NA,NA,NA,W,11,NA
7,330,331,70,NA,NA,NA,NA,NA,NA,NA,NA,W,11,NA
7,331,332,100,115,NA,NA,NA,NA,NA,NA,NA,W,11,NA
7,329,333,30,NA,NA,NA,NA,NA,NA,NA,NA,W,11,NA
7,333,334,80,NA,.,4,NA,NA,NA,NA,NA,W,11,NA
7,334,335,180,116,NA,4,NA,NA,NA,NA,NA,W,11,NA
7,334,336,310,NA,.,4,NA,NA,NA,NA,NA,W,11,NA
7,336,337,70,NA,NA,4,NA,NA,NA,NA,NA,W,11,NA
7,337,338,90,117,NA,4,NA,NA,NA,NA,NA,W,11,NA
7,336,339,180,NA,.,4,NA,NA,NA,NA,NA,W,11,NA
7,339,340,60,NA,NA,4,NA,NA,NA,NA,NA,W,11,NA
7,340,341,70,118,NA,4,NA,NA,NA,NA,NA,W,11,NA
7,339,342,330,NA,.,4,NA,NA,NA,NA,NA,W,11,NA
7,342,343,70,NA,NA,4,NA,NA,NA,NA,NA,W,11,NA
7,343,344,90,119,NA,4,NA,NA,NA,NA,NA,W,11,NA
7,342,345,150,NA,.,4,NA,NA,NA,NA,NA,W,11,NA
7,345,346,40,NA,NA,4,NA,NA,NA,NA,NA,W,11,NA
7,346,347,70,120,NA,4,NA,NA,NA,NA,NA,W,11,NA
7,345,348,80,NA,.,4,NA,NA,NA,NA,NA,W,11,NA
7,348,349,20,NA,NA,4,NA,NA,NA,NA,NA,W,11,NA
7,349,350,50,121,NA,4,NA,NA,NA,NA,NA,W,11,NA
7,348,351,70,NA,.,4,NA,NA,NA,NA,NA,W,11,NA
7,351,352,70,NA,NA,4,NA,NA,NA,NA,NA,W,11,NA
7,352,353,70,122,NA,4,NA,NA,NA,NA,NA,W,11,NA
7,351,354,60,NA,.,4,NA,NA,NA,NA,NA,W,11,NA
7,354,355,60,NA,NA,4,NA,NA,NA,NA,NA,W,11,NA
7,355,356,80,123,NA,4,NA,NA,NA,NA,NA,W,11,NA
7,354,357,160,NA,.,4,NA,NA,NA,NA,NA,W,11,NA
7,357,358,150,NA,NA,4,NA,NA,NA,NA,NA,W,11,NA
7,358,359,80,124,NA,4,NA,NA,NA,NA,NA,W,11,NA
7,357,360,160,NA,.,4,NA,NA,NA,NA,NA,W,11,NA
7,360,361,50,NA,NA,4,NA,NA,NA,NA,NA,W,11,NA
7,361,362,40,125,NA,4,NA,NA,NA,NA,NA,W,11,NA
7,360,363,150,NA,.,4,NA,NA,NA,NA,NA,W,11,NA
7,363,364,40,NA,NA,4,NA,NA,NA,NA,NA,W,11,NA
7,364,365,40,126,NA,4,NA,NA,NA,NA,NA,W,11,NA
7,363,366,170,NA,.,4,NA,NA,NA,NA,NA,W,11,NA
7,366,367,30,NA,NA,4,NA,NA,NA,NA,NA,W,11,NA
7,367,368,50,127,NA,4,NA,NA,NA,NA,NA,W,11,NA
7,366,369,150,NA,.,4,NA,NA,NA,NA,NA,W,11,NA
7,369,370,30,NA,NA,4,NA,NA,NA,NA,NA,W,11,NA
7,370,371,50,128,NA,4,NA,NA,NA,NA,NA,W,11,NA
7,369,372,80,NA,.,4,NA,NA,NA,NA,NA,W,11,NA
7,372,373,20,NA,NA,4,NA,NA,NA,NA,NA,W,11,NA
7,373,374,50,129,NA,4,NA,NA,NA,NA,NA,W,11,NA
7,372,375,100,NA,.,4,NA,NA,NA,NA,NA,W,11,NA
7,375,376,30,NA,NA,4,NA,NA,NA,NA,NA,W,11,NA
7,376,377,50,130,NA,4,NA,NA,NA,NA,NA,W,11,NA
7,375,378,60,NA,.,4,NA,NA,NA,NA,NA,W,11,NA
7,378,379,50,NA,NA,4,NA,NA,NA,NA,NA,W,11,NA
7,379,380,50,131,NA,4,NA,NA,NA,NA,NA,W,11,NA
7,381,328,120,NA,NA,NA,NA,NA,NA,NA,11,NA,11,NA
7,381,382,210,NA,.,NA,NA,NA,NA,NA,NA,E,12,NA
7,382,383,80,NA,NA,NA,NA,NA,NA,NA,NA,E,12,NA
7,383,384,70,132,NA,NA,NA,NA,NA,NA,NA,E,12,NA
7,384,385,40,133,NA,NA,NA,NA,NA,NA,NA,E,12,NA
7,382,386,140,NA,NA,NA,NA,NA,NA,NA,NA,E,12,NA
7,386,387,110,NA,.,14,NA,NA,NA,NA,NA,E,12,NA
7,387,388,70,NA,NA,14,NA,NA,NA,NA,NA,E,12,NA
7,388,389,70,134,NA,14,NA,NA,NA,NA,NA,E,12,NA
7,387,390,50,NA,.,14,NA,NA,NA,NA,NA,E,12,NA
7,390,391,80,NA,NA,14,NA,NA,NA,NA,NA,E,12,NA
7,391,392,160,135,NA,14,NA,NA,NA,NA,NA,E,12,NA
7,390,393,120,NA,.,14,NA,NA,NA,NA,NA,E,12,NA
7,393,394,80,NA,NA,14,NA,NA,NA,NA,NA,E,12,NA
7,394,395,70,136,NA,14,NA,NA,NA,NA,NA,E,12,NA
7,393,396,130,NA,.,14,NA,NA,NA,NA,NA,E,12,NA
NA,396,397,20,NA,NA,14,NA,NA,NA,NA,NA,E,12,NA
7,397,398,50,137,NA,14,NA,NA,NA,NA,NA,E,12,NA
7,396,399,50,NA,.,14,NA,NA,NA,NA,NA,E,12,NA
7,399,400,110,NA,NA,14,NA,NA,NA,NA,NA,E,12,NA
7,400,401,50,138,NA,14,NA,NA,NA,NA,NA,E,12,NA
7,399,402,180,NA,.,14,NA,NA,NA,NA,NA,E,12,NA
7,402,403,20,NA,NA,14,NA,NA,NA,NA,NA,E,12,NA
7,403,404,60,139,NA,14,NA,NA,NA,NA,NA,E,12,NA
7,402,405,150,NA,.,14,NA,NA,NA,NA,NA,E,12,NA
7,405,406,30,NA,NA,14,NA,NA,NA,NA,NA,E,12,NA
7,406,407,70,140,NA,14,NA,NA,NA,NA,NA,E,12,NA
7,405,408,110,NA,.,14,NA,NA,NA,NA,NA,E,12,NA
7,408,409,20,NA,NA,14,NA,NA,NA,NA,NA,E,12,NA
7,409,410,50,141,NA,14,NA,NA,NA,NA,NA,E,12,NA
7,408,411,50,NA,.,14,NA,NA,NA,NA,NA,E,12,NA
7,411,412,30,NA,NA,14,NA,NA,NA,NA,NA,E,12,NA
7,412,413,100,142,NA,14,NA,NA,NA,NA,NA,E,12,NA
7,411,414,130,NA,.,14,NA,NA,NA,NA,NA,E,12,NA
7,414,415,30,NA,NA,14,NA,NA,NA,NA,NA,E,12,NA
7,415,416,30,143,NA,14,NA,NA,NA,NA,NA,E,12,NA
7,414,417,60,NA,.,14,NA,NA,NA,NA,NA,E,12,NA
7,417,418,40,NA,NA,14,NA,NA,NA,NA,NA,E,12,NA
7,418,419,70,144,NA,14,NA,NA,NA,NA,NA,E,12,NA
7,417,420,150,NA,.,14,NA,NA,NA,NA,NA,E,12,NA
7,420,421,30,NA,NA,14,NA,NA,NA,NA,NA,E,12,NA
7,421,422,80,145,NA,14,NA,NA,NA,NA,NA,E,12,NA
7,420,423,40,NA,.,14,NA,NA,NA,NA,NA,E,12,NA
7,423,424,40,NA,NA,14,NA,NA,NA,NA,NA,E,12,NA
7,424,425,70,146,NA,14,NA,NA,NA,NA,NA,E,12,NA
7,423,426,140,NA,.,14,NA,NA,NA,NA,NA,E,12,NA
7,426,427,150,NA,NA,14,NA,NA,NA,NA,NA,E,12,NA
7,427,428,80,147,NA,14,NA,NA,NA,NA,NA,E,12,NA
7,426,429,150,NA,.,14,NA,NA,NA,NA,NA,E,12,NA
7,429,430,40,NA,NA,14,NA,NA,NA,NA,NA,E,12,NA
7,430,431,100,148,NA,14,NA,NA,NA,NA,NA,E,12,NA
7,429,432,80,NA,.,14,NA,NA,NA,NA,NA,E,12,NA
7,432,433,140,NA,NA,14,NA,NA,NA,NA,NA,E,12,NA
7,433,434,30,149,NA,14,NA,NA,NA,NA,NA,E,12,NA
7,432,435,70,NA,.,14,NA,NA,NA,NA,NA,E,12,spur damaged at base
7,435,436,140,NA,NA,14,NA,NA,NA,NA,NA,E,12,NA
7,436,437,30,150,NA,14,NA,NA,NA,NA,NA,E,12,NA
7,437,438,20,151,NA,14,NA,NA,NA,NA,NA,E,12,NA
7,439,381,100,NA,NA,NA,NA,NA,NA,NA,12,NA,12,NA
7,439,440,30,NA,NA,NA,NA,NA,NA,NA,NA,W,13,NA
7,440,441,130,NA,.,NA,NA,NA,NA,NA,NA,W,13,NA
7,441,442,10,NA,NA,NA,NA,NA,NA,NA,NA,W,13,NA
7,442,443,80,374,NA,NA,NA,NA,NA,NA,NA,W,13,out of sequence
7,441,444,80,NA,NA,NA,NA,NA,NA,NA,NA,W,13,NA
7,444,445,40,NA,NA,NA,NA,NA,NA,NA,NA,W,13,NA
7,445,446,70,375,NA,NA,NA,NA,NA,NA,NA,W,13,out of sequence
7,446,447,50,376,NA,NA,NA,NA,NA,NA,NA,W,13,NA
7,448,439,90,NA,NA,NA,NA,NA,NA,NA,13,NA,13,NA
7,448,449,150,NA,NA,NA,NA,NA,NA,NA,NA,NA,14,NA
7,449,450,140,NA,.,13,NA,NA,NA,NA,NA,E,14,NA
7,450,451,80,NA,NA,13,NA,NA,NA,NA,NA,E,14,NA
7,451,452,70,152,NA,13,NA,NA,NA,NA,NA,E,14,NA
7,450,453,120,NA,.,13,NA,NA,NA,NA,NA,E,14,NA
7,453,454,100,NA,NA,13,NA,NA,NA,NA,NA,E,14,NA
7,454,455,110,153,NA,13,NA,NA,NA,NA,NA,E,14,NA
7,453,456,80,NA,.,13,NA,NA,NA,NA,NA,E,14,NA
7,456,457,90,NA,NA,13,NA,NA,NA,NA,NA,E,14,NA
7,457,458,100,154,NA,13,NA,NA,NA,NA,NA,E,14,NA
7,456,459,130,NA,.,13,NA,NA,NA,NA,NA,E,14,NA
7,459,460,70,NA,NA,13,NA,NA,NA,NA,NA,E,14,NA
7,460,461,70,155,NA,13,NA,NA,NA,NA,NA,E,14,NA
7,459,462,130,NA,.,13,NA,NA,NA,NA,NA,E,14,NA
7,462,463,70,NA,NA,13,NA,NA,NA,NA,NA,E,14,NA
7,463,464,40,156,NA,13,NA,NA,NA,NA,NA,E,14,NA
7,462,465,150,NA,.,13,NA,NA,NA,NA,NA,E,14,NA
7,465,466,80,NA,NA,13,NA,NA,NA,NA,NA,E,14,NA
7,466,467,60,157,NA,13,NA,NA,NA,NA,NA,E,14,NA
7,465,468,150,NA,.,13,NA,NA,NA,NA,NA,E,14,NA
7,468,469,80,NA,NA,13,NA,NA,NA,NA,NA,E,14,NA
7,469,470,80,158,NA,13,NA,NA,NA,NA,NA,E,14,NA
7,468,471,300,NA,.,13,NA,NA,NA,NA,NA,E,14,NA
7,471,472,90,NA,NA,13,NA,NA,NA,NA,NA,E,14,NA
7,472,473,60,159,NA,13,NA,NA,NA,NA,NA,E,14,NA
7,473,474,30,160,NA,13,NA,NA,NA,NA,NA,E,14,NA
7,471,475,80,NA,.,13,NA,NA,NA,NA,NA,E,14,NA
7,475,476,70,NA,NA,13,NA,NA,NA,NA,NA,E,14,NA
7,476,477,60,161,NA,13,NA,NA,NA,NA,NA,E,14,NA
7,475,478,130,NA,.,13,NA,NA,NA,NA,NA,E,14,NA
7,478,479,80,NA,NA,13,NA,NA,NA,NA,NA,E,14,NA
7,479,480,70,162,NA,13,NA,NA,NA,NA,NA,E,14,NA
7,478,481,70,NA,.,13,NA,NA,NA,NA,NA,E,14,NA
7,481,482,20,163,NA,13,NA,NA,NA,NA,NA,E,14,NA
NA,481,483,230,NA,.,13,NA,NA,NA,NA,NA,E,14,NA
7,483,484,50,NA,NA,13,NA,NA,NA,NA,NA,E,14,NA
7,484,485,60,164,NA,13,NA,NA,NA,NA,NA,E,14,NA
7,483,486,80,NA,.,13,NA,NA,NA,NA,NA,E,14,NA
7,486,487,60,NA,NA,13,NA,NA,NA,NA,NA,E,14,NA
7,487,488,70,165,NA,13,NA,NA,NA,NA,NA,E,14,NA
7,488,489,40,166,NA,13,NA,NA,NA,NA,NA,E,14,NA
7,486,490,280,NA,.,13,NA,NA,NA,NA,NA,E,14,NA
7,490,491,30,NA,NA,13,NA,NA,NA,NA,NA,E,14,NA
7,491,492,60,167,NA,13,NA,NA,NA,NA,NA,E,14,NA
7,492,493,20,168,NA,13,NA,NA,NA,NA,NA,E,14,NA
7,490,494,80,NA,.,13,NA,NA,NA,NA,NA,E,14,NA
7,494,495,120,NA,NA,13,NA,NA,NA,NA,NA,E,14,NA
7,495,496,50,169,NA,13,NA,NA,NA,NA,NA,E,14,NA
7,496,497,50,170,NA,13,NA,NA,NA,NA,NA,E,14,NA
7,494,498,70,NA,.,13,NA,NA,NA,NA,NA,E,14,NA
7,498,499,40,NA,NA,13,NA,NA,NA,NA,NA,E,14,NA
7,499,500,90,171,NA,13,NA,NA,NA,NA,NA,E,14,NA
7,498,501,80,NA,.,13,NA,NA,NA,NA,NA,E,14,NA
7,501,502,40,NA,NA,13,NA,NA,NA,NA,NA,E,14,NA
7,502,503,60,172,NA,13,NA,NA,NA,NA,NA,E,14,NA
7,501,504,150,NA,.,13,NA,NA,NA,NA,NA,E,14,NA
7,504,505,40,NA,NA,13,NA,NA,NA,NA,NA,E,14,NA
7,505,506,70,173,NA,13,NA,NA,NA,NA,NA,E,14,NA
7,506,507,40,174,NA,13,NA,NA,NA,NA,NA,E,14,NA
7,507,508,60,175,NA,13,NA,NA,NA,NA,NA,E,14,NA
7,508,509,80,176,NA,13,NA,NA,NA,NA,NA,E,14,NA
7,510,448,100,NA,NA,NA,NA,NA,NA,NA,14,NA,14,NA
7,510,511,100,NA,NA,NA,NA,NA,NA,NA,NA,W,15,NA
7,511,512,20,NA,NA,NA,NA,NA,NA,NA,NA,W,15,NA
7,512,513,30,NA,NA,NA,NA,NA,NA,NA,NA,W,15,NA
7,513,514,70,179,NA,NA,NA,NA,NA,NA,NA,W,15,NA
7,515,510,90,NA,NA,NA,NA,NA,NA,NA,15,NA,15,NA
7,515,516,210,NA,NA,NA,NA,NA,NA,NA,NA,E,16,NA
7,516,517,70,NA,NA,NA,NA,NA,NA,NA,NA,E,16,NA
7,517,518,100,NA,.,NA,NA,NA,NA,NA,NA,E,16,NA
7,518,519,130,178,NA,NA,NA,NA,NA,NA,NA,E,16,NA
7,518,520,40,NA,NA,NA,NA,NA,NA,NA,NA,E,16,NA
7,520,521,30,177,NA,NA,NA,NA,NA,NA,NA,E,16,NA
7,522,515,230,NA,NA,NA,NA,NA,NA,NA,16,NA,16,girdle to origin
7,523,522,890,NA,NA,NA,NA,NA,NA,NA,NA,NA,NA,graft to girdle
7,524,523,610,NA,NA,NA,NA,NA,NA,NA,NA,NA,NA,ground to graft
7,523,525,850,NA,NA,NA,NA,NA,NA,NA,NA,NA,NA,graft to girdle
7,525,526,240,NA,NA,NA,NA,NA,NA,NA,17,E,17,girdle to origin
7,526,527,220,NA,.,NA,NA,NA,NA,NA,NA,E,17,NA
7,527,528,10,180,NA,NA,NA,NA,NA,NA,NA,E,17,NA
7,528,529,20,NA,NA,NA,NA,NA,NA,NA,NA,E,17,NA
7,529,530,110,181,NA,NA,NA,NA,NA,NA,NA,E,17,NA
7,527,531,170,NA,NA,NA,NA,NA,NA,NA,NA,E,17,NA
7,531,532,130,NA,.,12,NA,NA,NA,NA,NA,E,17,NA
7,532,533,100,NA,NA,12,NA,NA,NA,NA,NA,E,17,NA
7,533,534,110,182,NA,12,NA,NA,NA,NA,NA,E,17,NA
7,532,535,200,NA,.,12,NA,NA,NA,NA,NA,E,17,NA
7,535,536,100,NA,NA,12,NA,NA,NA,NA,NA,E,17,NA
7,536,537,90,183,NA,12,NA,NA,NA,NA,NA,E,17,NA
7,535,538,80,NA,.,12,NA,NA,NA,NA,NA,E,17,NA
7,538,539,80,NA,NA,12,NA,NA,NA,NA,NA,E,17,NA
7,539,540,50,184,NA,12,NA,NA,NA,NA,NA,E,17,NA
7,538,541,110,NA,.,12,NA,NA,NA,NA,NA,E,17,NA
7,541,542,100,NA,NA,12,NA,NA,NA,NA,NA,E,17,NA
7,542,543,70,185,NA,12,NA,NA,NA,NA,NA,E,17,NA
7,543,544,30,186,NA,12,NA,NA,NA,NA,NA,E,17,NA
7,541,545,120,NA,.,12,NA,NA,NA,NA,NA,E,17,NA
7,545,546,100,NA,NA,12,NA,NA,NA,NA,NA,E,17,NA
7,546,547,90,187,NA,12,NA,NA,NA,NA,NA,E,17,NA
7,547,548,30,188,NA,12,NA,NA,NA,NA,NA,E,17,NA
7,545,549,160,NA,.,12,NA,NA,NA,NA,NA,E,17,NA
7,549,550,70,NA,NA,12,NA,NA,NA,NA,NA,E,17,NA
7,550,551,80,189,NA,12,NA,NA,NA,NA,NA,E,17,NA
7,549,552,130,NA,.,12,NA,NA,NA,NA,NA,E,17,NA
7,552,553,130,NA,NA,12,NA,NA,NA,NA,NA,E,17,NA
7,553,554,120,190,NA,12,NA,NA,NA,NA,NA,E,17,NA
7,552,555,70,NA,.,12,NA,NA,NA,NA,NA,E,17,NA
7,555,556,60,NA,NA,12,NA,NA,NA,NA,NA,E,17,NA
7,556,557,110,191,NA,12,NA,NA,NA,NA,NA,E,17,NA
7,555,558,120,NA,.,12,NA,NA,NA,NA,NA,E,17,NA
7,558,559,100,NA,NA,12,NA,NA,NA,NA,NA,E,17,NA
7,559,560,120,192,NA,12,NA,NA,NA,NA,NA,E,17,NA
7,558,561,140,NA,.,12,NA,NA,NA,NA,NA,E,17,NA
7,561,562,100,NA,NA,12,NA,NA,NA,NA,NA,E,17,NA
7,562,563,90,193,NA,12,NA,NA,NA,NA,NA,E,17,NA
7,561,564,60,NA,.,12,NA,NA,NA,NA,NA,E,17,NA
7,564,565,80,NA,NA,12,NA,NA,NA,NA,NA,E,17,NA
7,565,566,60,194,NA,12,NA,NA,NA,NA,NA,E,17,NA
7,566,567,50,195,NA,12,NA,NA,NA,NA,NA,E,17,NA
7,564,568,170,NA,.,12,NA,NA,NA,NA,NA,E,17,NA
7,568,569,100,NA,NA,12,NA,NA,NA,NA,NA,E,17,NA
7,569,570,80,196,NA,12,NA,NA,NA,NA,NA,E,17,NA
7,570,571,60,197,NA,12,NA,NA,NA,NA,NA,E,17,NA
7,568,572,120,NA,.,12,NA,NA,NA,NA,NA,E,17,NA
7,572,573,70,NA,NA,12,NA,NA,NA,NA,NA,E,17,NA
7,573,574,70,198,NA,12,NA,NA,NA,NA,NA,E,17,NA
NA,572,575,60,NA,.,12,NA,NA,NA,NA,NA,E,17,NA
7,575,576,50,NA,NA,12,NA,NA,NA,NA,NA,E,17,NA
7,576,577,50,199,NA,12,NA,NA,NA,NA,NA,E,17,NA
7,575,578,160,NA,.,12,NA,NA,NA,NA,NA,E,17,NA
7,578,579,50,NA,NA,12,NA,NA,NA,NA,NA,E,17,NA
7,579,580,70,200,NA,12,NA,NA,NA,NA,NA,E,17,NA
7,580,581,50,201,NA,12,NA,NA,NA,NA,NA,E,17,NA
NA,578,582,60,NA,.,12,NA,NA,NA,NA,NA,E,17,NA
7,582,583,110,NA,NA,12,NA,NA,NA,NA,NA,E,17,NA
7,583,584,90,202,NA,12,NA,NA,NA,NA,NA,E,17,NA
7,584,585,50,203,NA,12,NA,NA,NA,NA,NA,E,17,NA
7,582,586,30,NA,.,12,NA,NA,NA,NA,NA,E,17,NA
7,586,587,20,NA,NA,12,NA,NA,NA,NA,NA,E,17,NA
7,587,588,40,204,NA,12,NA,NA,NA,NA,NA,E,17,NA
7,588,589,30,205,NA,12,NA,NA,NA,NA,NA,E,17,NA
7,586,590,70,NA,.,12,NA,NA,NA,NA,NA,E,17,NA
7,590,591,30,NA,NA,12,NA,NA,NA,NA,NA,E,17,NA
7,591,592,70,206,NA,12,NA,NA,NA,NA,NA,E,17,NA
7,592,593,40,207,NA,12,NA,NA,NA,NA,NA,E,17,NA
7,526,594,150,NA,NA,NA,NA,NA,NA,NA,18,NA,18,NA
7,594,595,310,NA,.,NA,NA,NA,NA,NA,NA,W,18,NA
7,595,596,150,NA,.,6,NA,NA,NA,NA,NA,W,18,NA
7,596,597,80,NA,NA,6,NA,NA,NA,NA,NA,W,18,NA
7,597,598,100,208,NA,6,NA,NA,NA,NA,NA,W,18,NA
7,596,599,140,NA,.,6,NA,NA,NA,NA,NA,W,18,NA
7,599,600,60,NA,NA,6,NA,NA,NA,NA,NA,W,18,NA
7,600,601,90,209,NA,6,NA,NA,NA,NA,NA,W,18,NA
7,599,602,190,NA,.,6,NA,NA,NA,NA,NA,W,18,NA
7,602,603,50,NA,NA,6,NA,NA,NA,NA,NA,W,18,NA
7,603,604,70,210,NA,6,NA,NA,NA,NA,NA,W,18,NA
7,602,605,110,NA,.,6,NA,NA,NA,NA,NA,W,18,NA
7,605,606,50,NA,NA,6,NA,NA,NA,NA,NA,W,18,NA
7,606,607,60,211,NA,6,NA,NA,NA,NA,NA,W,18,NA
7,605,608,150,NA,.,6,NA,NA,NA,NA,NA,W,18,NA
7,608,609,60,212,NA,6,NA,NA,NA,NA,NA,W,18,NA
7,609,610,110,NA,NA,6,NA,NA,NA,NA,NA,W,18,NA
7,610,611,90,213,NA,6,NA,NA,NA,NA,NA,W,18,NA
7,608,612,100,NA,.,6,NA,NA,NA,NA,NA,W,18,NA
7,612,613,30,NA,NA,6,NA,NA,NA,NA,NA,W,18,NA
7,613,614,50,214,NA,6,NA,NA,NA,NA,NA,W,18,NA
7,612,615,180,NA,.,6,NA,NA,NA,NA,NA,W,18,NA
7,615,616,30,NA,NA,6,NA,NA,NA,NA,NA,W,18,NA
7,616,617,80,215,NA,6,NA,NA,NA,NA,NA,W,18,NA
7,615,618,120,NA,.,6,NA,NA,NA,NA,NA,W,18,NA
7,618,619,130,NA,NA,6,NA,NA,NA,NA,NA,W,18,NA
7,619,620,40,216,NA,6,NA,NA,NA,NA,NA,W,18,NA
7,618,621,70,NA,.,6,NA,NA,NA,NA,NA,W,18,NA
7,621,622,110,NA,NA,6,NA,NA,NA,NA,NA,W,18,NA
7,622,623,100,217,NA,6,NA,NA,NA,NA,NA,W,18,NA
7,621,624,150,NA,.,6,NA,NA,NA,NA,NA,W,18,NA
7,624,625,120,NA,NA,6,NA,NA,NA,NA,NA,W,18,NA
7,625,626,50,218,NA,6,NA,NA,NA,NA,NA,W,18,NA
7,624,627,90,NA,.,6,NA,NA,NA,NA,NA,W,18,NA
7,627,628,40,NA,NA,6,NA,NA,NA,NA,NA,W,18,NA
7,628,629,90,219,NA,6,NA,NA,NA,NA,NA,W,18,NA
7,627,630,90,NA,.,6,NA,NA,NA,NA,NA,W,18,NA
7,630,631,50,NA,NA,6,NA,NA,NA,NA,NA,W,18,NA
7,631,632,50,220,NA,6,NA,NA,NA,NA,NA,W,18,NA
7,630,633,80,NA,.,6,NA,NA,NA,NA,NA,W,18,NA
7,633,634,90,NA,NA,6,NA,NA,NA,NA,NA,W,18,NA
7,634,635,90,221,NA,6,NA,NA,NA,NA,NA,W,18,NA
7,633,636,160,NA,.,6,NA,NA,NA,NA,NA,W,18,NA
7,636,637,120,NA,NA,6,NA,NA,NA,NA,NA,W,18,NA
7,637,638,50,222,NA,6,NA,NA,NA,NA,NA,W,18,NA
7,636,639,250,NA,.,6,NA,NA,NA,NA,NA,W,18,NA
7,639,640,30,NA,NA,6,NA,NA,NA,NA,NA,W,18,NA
7,640,641,40,NA,NA,6,NA,NA,NA,NA,NA,W,18,NA
7,641,642,60,223,NA,6,NA,NA,NA,NA,NA,W,18,NA
7,639,643,200,NA,.,6,NA,NA,NA,NA,NA,W,18,NA
7,643,644,70,NA,NA,6,NA,NA,NA,NA,NA,W,18,NA
7,644,645,60,224,NA,6,NA,NA,NA,NA,NA,W,18,NA
7,645,646,30,225,NA,6,NA,NA,NA,NA,NA,W,18,NA
7,595,647,150,NA,NA,NA,NA,NA,NA,NA,NA,W,18,NA
7,647,648,300,NA,.,5,NA,NA,NA,NA,NA,W,18,previous spur ignored
7,648,649,100,NA,NA,5,NA,NA,NA,NA,NA,W,18,NA
7,649,650,90,226,NA,5,NA,NA,NA,NA,NA,W,18,NA
7,648,651,210,NA,.,5,NA,NA,NA,NA,NA,W,18,NA
7,651,652,100,NA,NA,5,NA,NA,NA,NA,NA,W,18,NA
7,652,653,70,227,NA,5,NA,NA,NA,NA,NA,W,18,NA
7,651,654,110,NA,.,5,NA,NA,NA,NA,NA,W,18,NA
7,654,655,40,NA,NA,5,NA,NA,NA,NA,NA,W,18,NA
7,655,656,80,377,NA,5,NA,NA,NA,NA,NA,W,18,out of sequence
7,654,657,70,NA,.,5,NA,NA,NA,NA,NA,W,18,NA
7,657,658,120,NA,NA,5,NA,NA,NA,NA,NA,W,18,NA
7,658,659,80,228,NA,5,NA,NA,NA,NA,NA,W,18,NA
7,657,660,170,NA,.,5,NA,NA,NA,NA,NA,W,18,NA
7,660,661,130,NA,NA,5,NA,NA,NA,NA,NA,W,18,NA
7,661,662,120,229,NA,5,NA,NA,NA,NA,NA,W,18,NA
7,660,663,50,NA,.,5,NA,NA,NA,NA,NA,W,18,NA
7,663,664,50,NA,NA,5,NA,NA,NA,NA,NA,W,18,NA
7,664,665,150,230,NA,5,NA,NA,NA,NA,NA,W,18,NA
7,665,666,60,231,NA,5,NA,NA,NA,NA,NA,W,18,NA
7,663,667,200,NA,.,5,NA,NA,NA,NA,NA,W,18,NA
7,667,668,100,NA,NA,5,NA,NA,NA,NA,NA,W,18,NA
7,668,669,110,232,NA,5,NA,NA,NA,NA,NA,W,18,NA
7,667,670,190,NA,.,5,NA,NA,NA,NA,NA,W,18,NA
7,670,671,90,NA,NA,5,NA,NA,NA,NA,NA,W,18,NA
7,671,672,80,233,NA,5,NA,NA,NA,NA,NA,W,18,NA
7,672,673,30,234,NA,5,NA,NA,NA,NA,NA,W,18,NA
7,670,674,340,NA,.,5,NA,NA,NA,NA,NA,W,18,NA
7,674,675,50,NA,NA,5,NA,NA,NA,NA,NA,W,18,NA
7,675,676,70,235,NA,5,NA,NA,NA,NA,NA,W,18,NA
7,674,677,100,NA,.,5,NA,NA,NA,NA,NA,W,18,NA
7,677,678,30,NA,NA,5,NA,NA,NA,NA,NA,W,18,NA
7,678,679,60,236,NA,5,NA,NA,NA,NA,NA,W,18,NA
7,677,680,90,NA,.,5,NA,NA,NA,NA,NA,W,18,NA
7,680,681,20,237,NA,5,NA,NA,NA,NA,NA,W,18,NA
7,681,682,20,238,NA,5,NA,NA,NA,NA,NA,W,18,NA
7,680,683,270,NA,.,5,NA,NA,NA,NA,NA,W,18,NA
7,683,684,60,NA,NA,5,NA,NA,NA,NA,NA,W,18,NA
7,684,685,60,239,NA,5,NA,NA,NA,NA,NA,W,18,NA
7,685,686,60,240,NA,5,NA,NA,NA,NA,NA,W,18,NA
7,683,687,100,NA,.,5,NA,NA,NA,NA,NA,W,18,NA
7,687,688,60,NA,NA,5,NA,NA,NA,NA,NA,W,18,NA
7,688,689,50,241,NA,5,NA,NA,NA,NA,NA,W,18,NA
7,689,690,20,242,NA,5,NA,NA,NA,NA,NA,W,18,NA
7,594,691,250,NA,NA,NA,NA,NA,NA,NA,19,NA,19,NA
7,691,692,250,NA,NA,NA,NA,NA,NA,NA,NA,W,19,NA
7,692,693,110,NA,NA,NA,NA,NA,NA,NA,NA,W,19,NA
7,693,694,30,NA,NA,NA,NA,NA,NA,NA,NA,W,19,NA
7,694,695,40,243,NA,NA,NA,NA,NA,NA,NA,W,19,NA
7,695,696,10,244,NA,NA,NA,NA,NA,NA,NA,W,19,NA
7,691,697,90,NA,NA,NA,NA,NA,NA,NA,20,NA,20,NA
7,697,698,110,NA,.,NA,NA,NA,NA,NA,NA,W,20,NA
7,698,699,70,245,NA,NA,NA,NA,NA,NA,NA,W,20,NA
7,698,700,50,NA,NA,NA,NA,NA,NA,NA,NA,W,20,NA
7,700,701,90,NA,NA,NA,NA,NA,NA,NA,NA,W,20,NA
7,701,702,70,NA,NA,NA,NA,NA,NA,NA,NA,W,20,NA
7,702,703,50,246,NA,NA,NA,NA,NA,NA,NA,W,20,NA
7,703,704,40,247,NA,NA,NA,NA,NA,NA,NA,W,20,NA
7,697,705,110,NA,NA,NA,NA,NA,NA,NA,21,NA,21,NA
7,705,706,130,NA,.,NA,NA,NA,NA,NA,NA,E,21,NA
7,706,707,90,NA,NA,NA,NA,NA,NA,NA,NA,E,21,NA
7,707,708,90,NA,NA,NA,NA,NA,NA,NA,NA,E,21,NA
7,708,709,60,248,NA,NA,NA,NA,NA,NA,NA,E,21,NA
7,706,710,150,NA,.,NA,NA,NA,NA,NA,NA,E,21,NA
7,710,711,120,NA,.,11,NA,NA,NA,NA,NA,E,21,NA
7,711,712,60,NA,NA,11,NA,NA,NA,NA,NA,E,21,NA
7,712,713,50,249,NA,11,NA,NA,NA,NA,NA,E,21,NA
7,711,714,120,NA,.,11,NA,NA,NA,NA,NA,E,21,NA
7,714,715,40,1,NA,11,NA,NA,NA,NA,NA,E,21,NA
7,715,716,40,250,NA,11,NA,NA,NA,NA,NA,E,21,NA
7,714,717,150,NA,.,11,NA,NA,NA,NA,NA,E,21,NA
7,717,718,50,NA,NA,11,NA,NA,NA,NA,NA,E,21,NA
7,718,719,40,251,NA,11,NA,NA,NA,NA,NA,E,21,NA
7,717,720,50,NA,.,11,NA,NA,NA,NA,NA,E,21,NA
NA,720,721,30,NA,NA,11,NA,NA,NA,NA,NA,E,21,NA
7,721,722,70,252,NA,11,NA,NA,NA,NA,NA,E,21,NA
7,720,723,140,NA,.,11,NA,NA,NA,NA,NA,E,21,NA
7,723,724,40,NA,NA,11,NA,NA,NA,NA,NA,E,21,NA
7,724,725,120,253,NA,11,NA,NA,NA,NA,NA,E,21,NA
7,723,726,160,NA,.,11,NA,NA,NA,NA,NA,E,21,NA
7,726,727,20,NA,NA,11,NA,NA,NA,NA,NA,E,21,NA
7,727,728,40,254,NA,11,NA,NA,NA,NA,NA,E,21,NA
7,726,729,120,NA,.,11,NA,NA,NA,NA,NA,E,21,NA
7,729,730,50,NA,NA,11,NA,NA,NA,NA,NA,E,21,NA
7,730,731,40,255,NA,11,NA,NA,NA,NA,NA,E,21,NA
7,729,732,80,NA,.,11,NA,NA,NA,NA,NA,E,21,NA
NA,732,733,50,NA,NA,11,NA,NA,NA,NA,NA,E,21,NA
7,733,734,70,256,NA,11,NA,NA,NA,NA,NA,E,21,NA
7,732,735,110,NA,.,11,NA,NA,NA,NA,NA,E,21,NA
7,735,736,150,NA,NA,11,NA,NA,NA,NA,NA,E,21,NA
7,736,737,100,257,NA,11,NA,NA,NA,NA,NA,E,21,NA
7,735,738,140,NA,.,11,NA,NA,NA,NA,NA,E,21,NA
7,738,739,40,NA,NA,11,NA,NA,NA,NA,NA,E,21,NA
7,739,740,50,258,NA,11,NA,NA,NA,NA,NA,E,21,NA
7,740,741,10,259,NA,11,NA,NA,NA,NA,NA,E,21,NA
7,738,742,60,NA,.,11,NA,NA,NA,NA,NA,E,21,NA
7,742,743,90,NA,NA,11,NA,NA,NA,NA,NA,E,21,NA
7,743,744,40,378,NA,11,NA,NA,NA,NA,NA,E,21,shoot out of sequence
7,742,745,100,NA,.,11,NA,NA,NA,NA,NA,E,21,NA
7,745,746,110,NA,NA,11,NA,NA,NA,NA,NA,E,21,NA
7,746,747,40,260,NA,11,NA,NA,NA,NA,NA,E,21,NA
7,747,748,10,261,NA,11,NA,NA,NA,NA,NA,E,21,NA
7,745,749,130,NA,.,11,NA,NA,NA,NA,NA,E,21,NA
7,749,750,50,1,NA,11,NA,NA,NA,NA,NA,E,21,NA
7,750,751,80,262,NA,11,NA,NA,NA,NA,NA,E,21,NA
7,751,752,50,263,NA,11,NA,NA,NA,NA,NA,E,21,NA
7,749,753,120,NA,.,11,NA,NA,NA,NA,NA,E,21,NA
7,753,754,20,NA,NA,11,NA,NA,NA,NA,NA,E,21,NA
7,754,755,40,264,NA,11,NA,NA,NA,NA,NA,E,21,NA
7,753,756,230,NA,.,11,NA,NA,NA,NA,NA,E,21,NA
7,756,757,30,1,NA,11,NA,NA,NA,NA,NA,E,21,NA
7,757,758,40,265,NA,11,NA,NA,NA,NA,NA,E,21,NA
7,756,759,70,NA,.,11,NA,NA,NA,NA,NA,E,21,NA
7,759,760,80,NA,NA,11,NA,NA,NA,NA,NA,E,21,NA
7,760,761,200,266,NA,11,NA,NA,NA,NA,NA,E,21,spur snapped near base
7,759,762,70,NA,.,11,NA,NA,NA,NA,NA,E,21,NA
7,762,763,20,NA,NA,11,NA,NA,NA,NA,NA,E,21,NA
7,763,764,30,267,NA,11,NA,NA,NA,NA,NA,E,21,NA
7,762,765,60,NA,.,11,NA,NA,NA,NA,NA,E,21,NA
7,765,766,40,NA,NA,11,NA,NA,NA,NA,NA,E,21,NA
7,766,767,70,268,NA,11,NA,NA,NA,NA,NA,E,21,NA
7,765,768,80,NA,.,11,NA,NA,NA,NA,NA,E,21,NA
7,768,769,50,NA,NA,11,NA,NA,NA,NA,NA,E,21,NA
7,769,770,90,269,NA,11,NA,NA,NA,NA,NA,E,21,NA
7,770,771,50,270,NA,11,NA,NA,NA,NA,NA,E,21,NA
7,768,772,80,NA,.,11,NA,NA,NA,NA,NA,E,21,NA
7,772,773,30,NA,NA,11,NA,NA,NA,NA,NA,E,21,NA
7,773,774,40,271,NA,11,NA,NA,NA,NA,NA,E,21,NA
7,710,775,130,NA,NA,NA,NA,NA,NA,NA,NA,E,21,NA
7,775,776,230,NA,.,10,NA,NA,NA,NA,NA,E,21,NA
7,776,777,50,NA,NA,10,NA,NA,NA,NA,NA,E,21,NA
7,777,778,70,272,NA,10,NA,NA,NA,NA,NA,E,21,NA
7,776,779,150,NA,.,10,NA,NA,NA,NA,NA,E,21,NA
7,779,780,60,NA,NA,10,NA,NA,NA,NA,NA,E,21,NA
7,780,781,130,273,NA,10,NA,NA,NA,NA,NA,E,21,NA
7,781,782,60,274,NA,10,NA,NA,NA,NA,NA,E,21,NA
7,779,783,60,NA,.,10,NA,NA,NA,NA,NA,E,21,NA
7,783,784,20,NA,NA,10,NA,NA,NA,NA,NA,E,21,NA
7,784,785,100,275,NA,10,NA,NA,NA,NA,NA,E,21,NA
NA,783,786,140,NA,.,10,NA,NA,NA,NA,NA,E,21,NA
7,786,787,200,NA,NA,10,NA,NA,NA,NA,NA,E,21,NA
7,787,788,80,276,NA,10,NA,NA,NA,NA,NA,E,21,NA
7,786,789,130,NA,.,10,NA,NA,NA,NA,NA,E,21,NA
7,789,790,30,NA,NA,10,NA,NA,NA,NA,NA,E,21,NA
7,790,791,80,277,NA,10,NA,NA,NA,NA,NA,E,21,NA
7,791,792,40,278,NA,10,NA,NA,NA,NA,NA,E,21,NA
7,789,793,160,NA,.,10,NA,NA,NA,NA,NA,E,21,NA
7,793,794,60,NA,NA,10,NA,NA,NA,NA,NA,E,21,NA
7,794,795,50,279,NA,10,NA,NA,NA,NA,NA,E,21,NA
7,795,796,20,280,NA,10,NA,NA,NA,NA,NA,E,21,NA
7,793,797,190,NA,.,10,NA,NA,NA,NA,NA,E,21,NA
7,797,798,40,NA,NA,10,NA,NA,NA,NA,NA,E,21,NA
7,798,799,80,281,NA,10,NA,NA,NA,NA,NA,E,21,NA
7,797,800,130,NA,.,10,NA,NA,NA,NA,NA,E,21,NA
7,800,801,40,NA,NA,10,NA,NA,NA,NA,NA,E,21,NA
7,801,802,30,282,NA,10,NA,NA,NA,NA,NA,E,21,NA
7,802,803,30,283,NA,10,NA,NA,NA,NA,NA,E,21,NA
7,800,804,80,NA,.,10,NA,NA,NA,NA,NA,E,21,NA
7,804,805,80,NA,NA,10,NA,NA,NA,NA,NA,E,21,NA
7,805,806,50,284,NA,10,NA,NA,NA,NA,NA,E,21,NA
7,806,807,20,285,NA,10,NA,NA,NA,NA,NA,E,21,NA
7,804,808,130,NA,.,10,NA,NA,NA,NA,NA,E,21,NA
7,808,809,60,NA,NA,10,NA,NA,NA,NA,NA,E,21,NA
7,809,810,10,286,NA,10,NA,NA,NA,NA,NA,E,21,NA
7,808,811,460,NA,.,10,NA,NA,NA,NA,NA,E,21,NA
7,811,812,10,NA,NA,10,NA,NA,NA,NA,NA,E,21,NA
7,812,813,40,287,NA,10,NA,NA,NA,NA,NA,E,21,NA
7,813,814,10,288,NA,10,NA,NA,NA,NA,NA,E,21,NA
7,814,815,10,289,NA,10,NA,NA,NA,NA,NA,E,21,NA
7,815,816,40,290,NA,10,NA,NA,NA,NA,NA,E,21,NA
7,811,817,150,NA,.,10,NA,NA,NA,NA,NA,E,21,NA
7,817,818,20,NA,NA,10,NA,NA,NA,NA,NA,E,21,NA
7,818,819,90,291,NA,10,NA,NA,NA,NA,NA,E,21,NA
7,817,820,80,NA,.,10,NA,NA,NA,NA,NA,E,21,NA
7,820,821,20,NA,NA,10,NA,NA,NA,NA,NA,E,21,NA
7,821,822,80,292,NA,10,NA,NA,NA,NA,NA,E,21,NA
7,822,823,50,293,NA,10,NA,NA,NA,NA,NA,E,21,NA
7,820,824,150,NA,.,10,NA,NA,NA,NA,NA,E,21,NA
7,824,825,50,NA,NA,10,NA,NA,NA,NA,NA,E,21,NA
7,825,826,50,294,NA,10,NA,NA,NA,NA,NA,E,21,NA
7,826,827,20,295,NA,10,NA,NA,NA,NA,NA,E,21,NA
7,705,828,310,NA,NA,NA,NA,NA,NA,NA,22,NA,22,NA
7,828,829,50,NA,NA,NA,NA,NA,NA,NA,NA,W,22,NA
7,829,830,70,NA,NA,NA,NA,NA,NA,NA,NA,W,22,NA
7,830,831,20,NA,NA,NA,NA,NA,NA,NA,NA,W,22,NA
7,831,832,40,296,NA,NA,NA,NA,NA,NA,NA,W,22,NA
7,832,833,40,297,NA,NA,NA,NA,NA,NA,NA,W,22,NA
7,828,834,100,NA,NA,NA,NA,NA,NA,NA,23,NA,23,NA
7,834,835,100,NA,.,NA,NA,NA,NA,NA,NA,E,23,NA
7,835,836,200,NA,.,NA,NA,NA,NA,NA,NA,E,23,NA
NA,836,837,20,NA,NA,NA,NA,NA,NA,NA,NA,E,NA,NA
7,837,838,70,298,NA,NA,NA,NA,NA,NA,NA,E,23,NA
7,836,839,70,NA,NA,NA,NA,NA,NA,NA,NA,E,23,NA
7,839,840,70,NA,NA,NA,NA,NA,NA,NA,NA,E,23,NA
7,840,841,50,299,NA,NA,NA,NA,NA,NA,NA,E,23,NA
7,835,842,80,NA,.,NA,NA,NA,NA,NA,NA,E,23,NA
7,842,843,60,NA,NA,NA,NA,NA,NA,NA,NA,E,23,NA
7,843,844,70,NA,NA,NA,NA,NA,NA,NA,NA,E,23,NA
7,844,845,110,300,NA,NA,NA,NA,NA,NA,NA,E,23,NA
7,842,846,80,NA,NA,NA,NA,NA,NA,NA,NA,E,23,NA
7,846,847,130,NA,.,9,NA,NA,NA,NA,NA,E,23,NA
7,847,848,50,NA,NA,9,NA,NA,NA,NA,NA,E,23,NA
7,848,849,60,301,NA,9,NA,NA,NA,NA,NA,E,23,NA
7,847,850,180,NA,.,9,NA,NA,NA,NA,NA,E,23,NA
7,850,851,80,NA,NA,9,NA,NA,NA,NA,NA,E,23,NA
7,851,852,60,302,NA,9,NA,NA,NA,NA,NA,E,23,NA
NA,850,853,140,NA,.,9,NA,NA,NA,NA,NA,E,23,NA
7,853,854,100,NA,NA,9,NA,NA,NA,NA,NA,E,23,NA
7,854,855,90,303,NA,9,NA,NA,NA,NA,NA,E,23,NA
7,853,856,80,NA,.,9,NA,NA,NA,NA,NA,E,23,NA
7,856,857,70,NA,NA,9,NA,NA,NA,NA,NA,E,23,NA
7,857,858,150,304,NA,9,NA,NA,NA,NA,NA,E,23,NA
7,856,859,120,NA,.,9,NA,NA,NA,NA,NA,E,23,NA
7,859,860,120,NA,NA,9,NA,NA,NA,NA,NA,E,23,NA
7,860,861,50,305,NA,9,NA,NA,NA,NA,NA,E,23,NA
7,861,862,20,306,NA,9,NA,NA,NA,NA,NA,E,23,NA
7,859,863,130,NA,.,9,NA,NA,NA,NA,NA,E,23,NA
7,863,864,90,NA,NA,9,NA,NA,NA,NA,NA,E,23,NA
7,864,865,70,307,NA,9,NA,NA,NA,NA,NA,E,23,NA
7,863,866,150,NA,.,9,NA,NA,NA,NA,NA,E,23,NA
7,866,867,60,NA,NA,9,NA,NA,NA,NA,NA,E,23,NA
7,867,868,60,308,NA,9,NA,NA,NA,NA,NA,E,23,NA
7,868,869,30,309,NA,9,NA,NA,NA,NA,NA,E,23,NA
7,866,870,120,NA,.,9,NA,NA,NA,NA,NA,E,23,NA
7,870,871,70,NA,NA,9,NA,NA,NA,NA,NA,E,23,NA
7,871,872,130,310,NA,9,NA,NA,NA,NA,NA,E,23,NA
7,870,873,200,NA,.,9,NA,NA,NA,NA,NA,E,23,NA
7,873,874,30,NA,NA,9,NA,NA,NA,NA,NA,E,23,NA
7,874,875,70,311,NA,9,NA,NA,NA,NA,NA,E,23,NA
7,873,876,130,NA,.,9,NA,NA,NA,NA,NA,E,23,NA
7,876,877,110,NA,NA,9,NA,NA,NA,NA,NA,E,23,NA
7,877,878,70,312,NA,9,NA,NA,NA,NA,NA,E,23,NA
7,876,879,150,NA,.,9,NA,NA,NA,NA,NA,E,23,NA
7,879,880,100,NA,NA,9,NA,NA,NA,NA,NA,E,23,NA
7,880,881,70,313,NA,9,NA,NA,NA,NA,NA,E,23,NA
7,881,882,20,314,NA,9,NA,NA,NA,NA,NA,E,23,NA
7,879,883,70,NA,.,9,NA,NA,NA,NA,NA,E,23,NA
7,883,884,80,NA,NA,9,NA,NA,NA,NA,NA,E,23,NA
7,884,885,60,315,NA,9,NA,NA,NA,NA,NA,E,23,NA
7,883,886,100,NA,.,9,NA,NA,NA,NA,NA,E,23,NA
7,886,887,20,NA,NA,9,NA,NA,NA,NA,NA,E,23,NA
7,887,888,140,316,NA,9,NA,NA,NA,NA,NA,E,23,NA
7,888,889,60,317,NA,9,NA,NA,NA,NA,NA,E,23,NA
7,889,890,60,318,NA,9,NA,NA,NA,NA,NA,E,23,NA
7,886,891,140,NA,.,9,NA,NA,NA,NA,NA,E,23,NA
7,891,892,130,NA,NA,9,NA,NA,NA,NA,NA,E,23,NA
7,892,893,80,319,NA,9,NA,NA,NA,NA,NA,E,23,NA
7,891,894,340,NA,.,9,NA,NA,NA,NA,NA,E,23,NA
7,894,895,130,NA,NA,9,NA,NA,NA,NA,NA,E,23,NA
7,895,896,70,320,NA,9,NA,NA,NA,NA,NA,E,23,NA
7,894,897,80,NA,.,9,NA,NA,NA,NA,NA,E,23,NA
7,897,898,40,NA,NA,9,NA,NA,NA,NA,NA,E,23,NA
7,898,899,50,321,NA,9,NA,NA,NA,NA,NA,E,23,NA
7,899,900,90,322,NA,9,NA,NA,NA,NA,NA,E,23,NA
7,897,901,150,NA,.,9,NA,NA,NA,NA,NA,E,23,NA
7,901,902,100,NA,NA,9,NA,NA,NA,NA,NA,E,23,NA
7,902,903,30,323,NA,9,NA,NA,NA,NA,NA,E,23,NA
7,901,904,170,NA,.,9,NA,NA,NA,NA,NA,E,23,NA
7,904,905,70,1,NA,9,NA,NA,NA,NA,NA,E,23,NA
7,905,906,40,324,NA,9,NA,NA,NA,NA,NA,E,23,NA
7,834,907,80,NA,NA,NA,NA,NA,NA,NA,24,NA,24,NA
7,907,908,10,NA,NA,NA,NA,NA,NA,NA,NA,W,24,NA
7,908,909,390,NA,.,7,NA,NA,NA,NA,NA,W,24,NA
7,909,910,60,NA,NA,7,NA,NA,NA,NA,NA,W,24,NA
7,910,911,70,379,NA,7,NA,NA,NA,NA,NA,W,24,out of sequence
7,911,912,10,325,NA,7,NA,NA,NA,NA,NA,W,24,NA
7,909,913,130,NA,.,7,NA,NA,NA,NA,NA,W,24,NA
7,913,914,120,NA,NA,7,NA,NA,NA,NA,NA,W,24,NA
7,914,915,60,326,NA,7,NA,NA,NA,NA,NA,W,24,NA
7,913,916,110,NA,.,7,NA,NA,NA,NA,NA,W,24,NA
7,916,917,120,NA,NA,7,NA,NA,NA,NA,NA,W,24,NA
7,917,918,130,327,NA,7,NA,NA,NA,NA,NA,W,24,NA
7,916,919,80,NA,.,7,NA,NA,NA,NA,NA,W,24,NA
7,919,920,90,NA,NA,7,NA,NA,NA,NA,NA,W,24,NA
7,920,921,40,328,NA,7,NA,NA,NA,NA,NA,W,24,NA
7,919,922,130,NA,.,7,NA,NA,NA,NA,NA,W,24,NA
7,922,923,180,329,NA,7,NA,NA,NA,NA,NA,W,24,NA
7,923,924,190,NA,NA,7,NA,NA,NA,NA,NA,W,24,NA
7,924,925,60,330,NA,7,NA,NA,NA,NA,NA,W,24,NA
7,922,926,150,NA,.,7,NA,NA,NA,NA,NA,W,24,NA
7,926,927,100,NA,NA,7,NA,NA,NA,NA,NA,W,24,NA
7,927,928,100,331,NA,7,NA,NA,NA,NA,NA,W,24,NA
7,928,929,50,332,NA,7,NA,NA,NA,NA,NA,W,24,NA
7,929,930,10,380,NA,7,NA,NA,NA,NA,NA,W,24,out of sequence
7,926,931,160,NA,.,7,NA,NA,NA,NA,NA,W,24,NA
7,931,932,140,NA,NA,7,NA,NA,NA,NA,NA,W,24,NA
7,932,933,80,333,NA,7,NA,NA,NA,NA,NA,W,24,NA
7,931,934,140,NA,.,7,NA,NA,NA,NA,NA,W,24,NA
7,934,935,120,334,NA,7,NA,NA,NA,NA,NA,W,24,NA
7,935,936,130,NA,NA,7,NA,NA,NA,NA,NA,W,24,NA
7,936,937,80,335,NA,7,NA,NA,NA,NA,NA,W,24,NA
7,934,938,110,NA,.,7,NA,NA,NA,NA,NA,W,24,NA
7,938,939,170,NA,NA,7,NA,NA,NA,NA,NA,W,24,NA
7,939,940,70,336,NA,7,NA,NA,NA,NA,NA,W,24,NA
7,938,941,110,NA,.,7,NA,NA,NA,NA,NA,W,24,NA
7,941,942,120,NA,NA,7,NA,NA,NA,NA,NA,W,24,NA
7,942,943,60,337,NA,7,NA,NA,NA,NA,NA,W,24,NA
7,941,944,150,NA,.,7,NA,NA,NA,NA,NA,W,24,NA
7,944,945,130,NA,NA,7,NA,NA,NA,NA,NA,W,24,NA
7,945,946,80,338,NA,7,NA,NA,NA,NA,NA,W,24,NA
7,944,947,120,NA,.,7,NA,NA,NA,NA,NA,W,24,NA
7,947,948,30,NA,NA,7,NA,NA,NA,NA,NA,W,24,NA
7,948,949,80,340,NA,7,NA,NA,NA,NA,NA,W,24,shoot 339 dead
7,947,950,90,NA,.,7,NA,NA,NA,NA,NA,W,24,NA
7,950,951,140,NA,NA,7,NA,NA,NA,NA,NA,W,24,NA
7,951,952,70,341,NA,7,NA,NA,NA,NA,NA,W,24,NA
7,950,953,420,NA,.,7,NA,NA,NA,NA,NA,W,24,NA
7,953,954,30,NA,NA,7,NA,NA,NA,NA,NA,W,24,NA
7,954,955,80,342,NA,7,NA,NA,NA,NA,NA,W,24,NA
7,953,956,80,NA,.,7,NA,NA,NA,NA,NA,W,24,NA
7,956,957,110,NA,NA,7,NA,NA,NA,NA,NA,W,24,NA
7,957,958,60,343,NA,7,NA,NA,NA,NA,NA,W,24,NA
7,956,959,110,NA,.,7,NA,NA,NA,NA,NA,W,24,NA
7,959,960,150,NA,NA,7,NA,NA,NA,NA,NA,W,24,NA
7,960,961,80,344,NA,7,NA,NA,NA,NA,NA,W,24,NA
7,959,962,90,NA,.,7,NA,NA,NA,NA,NA,W,24,NA
7,962,963,90,NA,NA,7,NA,NA,NA,NA,NA,W,24,NA
7,963,964,30,345,NA,7,NA,NA,NA,NA,NA,W,24,NA
7,964,965,30,346,NA,7,NA,NA,NA,NA,NA,W,24,NA
7,907,966,130,NA,NA,NA,NA,NA,NA,NA,25,NA,25,NA
7,966,967,100,NA,NA,NA,NA,NA,NA,NA,NA,E,25,NA
7,967,968,180,NA,NA,NA,NA,NA,NA,NA,NA,W,25,NA
7,968,969,60,347,NA,NA,NA,NA,NA,NA,NA,W,25,NA
7,966,970,80,NA,NA,NA,NA,NA,NA,NA,26,NA,26,NA
7,970,971,80,NA,.,NA,NA,NA,NA,NA,NA,W,26,NA
7,971,972,60,NA,NA,NA,NA,NA,NA,NA,NA,W,26,NA
7,972,973,80,348,NA,NA,NA,NA,NA,NA,NA,W,26,NA
7,971,974,220,NA,NA,NA,NA,NA,NA,NA,NA,W,26,NA
7,974,975,70,NA,.,NA,NA,NA,NA,NA,NA,W,26,NA
7,975,976,50,349,NA,NA,NA,NA,NA,NA,NA,W,26,NA
7,975,977,140,NA,NA,NA,NA,NA,NA,NA,NA,W,26,NA
7,977,978,50,NA,NA,NA,NA,NA,NA,NA,NA,W,26,NA
7,978,979,40,381,NA,NA,NA,NA,NA,NA,NA,W,26,out of sequence
7,979,980,40,350,NA,NA,NA,NA,NA,NA,NA,W,26,NA
7,970,981,100,NA,NA,NA,NA,NA,NA,NA,27,NA,27,NA
7,981,982,20,NA,NA,NA,NA,NA,NA,NA,NA,W,27,NA
7,982,983,250,NA,.,8,NA,NA,NA,NA,NA,W,27,NA
7,983,984,70,NA,NA,8,NA,NA,NA,NA,NA,W,27,NA
7,984,985,60,351,NA,8,NA,NA,NA,NA,NA,W,27,NA
7,983,986,80,NA,.,8,NA,NA,NA,NA,NA,W,27,NA
7,986,987,120,NA,NA,8,NA,NA,NA,NA,NA,W,27,NA
7,987,988,90,352,NA,8,NA,NA,NA,NA,NA,W,27,NA
7,988,989,20,353,NA,8,NA,NA,NA,NA,NA,W,27,NA
7,986,990,430,NA,.,8,NA,NA,NA,NA,NA,W,27,NA
7,990,991,90,NA,NA,8,NA,NA,NA,NA,NA,W,27,NA
7,991,992,30,354,NA,8,NA,NA,NA,NA,NA,W,27,NA
7,990,993,160,NA,.,8,NA,NA,NA,NA,NA,W,27,NA
7,993,994,70,NA,NA,8,NA,NA,NA,NA,NA,W,27,NA
7,994,995,60,355,NA,8,NA,NA,NA,NA,NA,W,27,NA
7,993,996,90,NA,.,8,NA,NA,NA,NA,NA,W,27,NA
7,996,997,80,NA,NA,8,NA,NA,NA,NA,NA,W,27,NA
7,997,998,80,356,NA,8,NA,NA,NA,NA,NA,W,27,NA
7,996,999,100,NA,.,8,NA,NA,NA,NA,NA,W,27,NA
7,999,1000,80,NA,NA,8,NA,NA,NA,NA,NA,W,27,NA
7,1000,1001,80,357,NA,8,NA,NA,NA,NA,NA,W,27,NA
7,999,1002,140,NA,.,8,NA,NA,NA,NA,NA,W,27,NA
7,1002,1003,60,NA,NA,8,NA,NA,NA,NA,NA,W,27,NA
7,1003,1004,40,358,NA,8,NA,NA,NA,NA,NA,W,27,NA
7,1002,1005,70,NA,.,8,NA,NA,NA,NA,NA,W,27,NA
7,1005,1006,60,NA,NA,8,NA,NA,NA,NA,NA,W,27,NA
7,1006,1007,70,359,NA,8,NA,NA,NA,NA,NA,W,27,NA
7,1005,1008,80,NA,.,8,NA,NA,NA,NA,NA,W,27,NA
7,1008,1009,80,NA,NA,8,NA,NA,NA,NA,NA,W,27,NA
7,1009,1010,60,360,NA,8,NA,NA,NA,NA,NA,W,27,NA
7,1008,1011,240,NA,.,8,NA,NA,NA,NA,NA,W,27,NA
7,1011,1012,100,NA,NA,8,NA,NA,NA,NA,NA,W,27,NA
7,1012,1013,50,361,NA,8,NA,NA,NA,NA,NA,W,27,NA
7,1011,1014,100,NA,.,8,NA,NA,NA,NA,NA,W,27,NA
7,1014,1015,170,NA,NA,8,NA,NA,NA,NA,NA,W,27,NA
7,1015,1016,50,362,NA,8,NA,NA,NA,NA,NA,W,27,NA
7,1014,1017,70,NA,.,8,NA,NA,NA,NA,NA,W,27,NA
7,1017,1018,20,363,NA,8,NA,NA,NA,NA,NA,W,27,NA
7,1017,1019,100,NA,.,8,NA,NA,NA,NA,NA,W,27,NA
7,1019,1020,140,NA,NA,8,NA,NA,NA,NA,NA,W,27,NA
7,1020,1021,110,364,NA,8,NA,NA,NA,NA,NA,W,27,NA
7,1021,1022,160,365,NA,8,NA,NA,NA,NA,NA,W,27,NA
7,1019,1023,170,NA,.,8,NA,NA,NA,NA,NA,W,27,NA
7,1023,1024,40,NA,NA,8,NA,NA,NA,NA,NA,W,27,NA
7,1024,1025,70,366,NA,8,NA,NA,NA,NA,NA,W,27,NA
7,1025,1026,20,367,NA,8,NA,NA,NA,NA,NA,W,27,NA
7,1023,1027,80,NA,.,8,NA,NA,NA,NA,NA,W,27,NA
7,1027,1028,50,NA,NA,8,NA,NA,NA,NA,NA,W,27,NA
7,1028,1029,50,368,NA,8,NA,NA,NA,NA,NA,W,27,NA
7,1027,1030,160,NA,.,8,NA,NA,NA,NA,NA,W,27,NA
7,1030,1031,30,NA,NA,8,NA,NA,NA,NA,NA,W,27,NA
7,1031,1032,90,369,NA,8,NA,NA,NA,NA,NA,W,27,NA
7,981,1033,100,NA,NA,NA,NA,NA,NA,NA,28,NA,28,NA
7,1033,1034,20,NA,NA,NA,NA,NA,NA,NA,NA,E,28,NA
7,1034,1035,110,NA,NA,NA,NA,NA,NA,NA,NA,E,28,NA
7,1035,1036,160,NA,NA,NA,NA,NA,NA,NA,NA,E,28,NA
7,1036,1037,70,370,NA,NA,NA,NA,NA,NA,NA,E,28,NA
7,1033,1038,90,NA,NA,NA,NA,NA,NA,NA,29,NA,29,NA
7,1038,1039,50,NA,NA,NA,NA,NA,NA,NA,NA,W,29,NA
7,1039,1040,80,NA,NA,NA,NA,NA,NA,NA,NA,W,29,NA
7,1040,1041,100,NA,NA,NA,NA,NA,NA,NA,NA,W,29,NA
7,1041,1042,60,371,NA,NA,NA,NA,NA,NA,NA,W,29,NA
